﻿<?xml version="1.0" encoding="utf-8"?>
<windowless>
  <VerticalLayout name="connect_wizard.view" left="0" right="0" top="0" bottom="0" >
    <PlaceHolder height="100"/>
    <HorizontalLayout left="142" width="585" height="332">
      <Control name="unlock_prepare.disconnected_bg" width="148" backgroundimage="main/usb_disconnected.png"  backgroundtransparent="true"/>
      <PlaceHolder width="66"/>
      <VerticalLayout width="470">
        <Label text="当前未连接手机" height="40" font="22" textcolor="#000000" backgroundtransparent="true" align="near,venter" visible="true"/>
        <Label text="请在关机状态下按音量下+电源键进入Bootloader模式后" height="22" font="12" textcolor="#888888" 
      backgroundtransparent="true" align="near,venter"/>
        <Label text="再连接手机" height="22" font="12" textcolor="#888888" backgroundtransparent="true" align="near,venter" />
        <PlaceHolder height="20"/>
        <Control height="1" backgroundimage="main/seperate_line.png"  backgroundtransparent="true"/>
        <PlaceHolder height="35"/>
        <Label text="解锁须知" height="40" font="22" textcolor="#000000" backgroundtransparent="true" align="near,venter"/>
        <PlaceHolder height="8"/>
        <Label text="1.解锁后系统将失去安全保护，导致您的隐私被泄露或" height="20" font="12" textcolor="#888888" backgroundtransparent="true" align="near,venter"/>
        <Label text="财产损失；" height="20" font="12" textcolor="#888888" backgroundtransparent="true" align="near,venter"/>

        <PlaceHolder height="8"/>
        <Label text="2.指纹识别、查找手机等对系统安全性依赖性高的功能" height="20" font="12" textcolor="#888888" backgroundtransparent="true" align="near,venter"/>
        <Label text="或服务将变得不可靠。" height="20" font="12" textcolor="#888888" backgroundtransparent="true" align="near,venter"/>

        <PlaceHolder />
      </VerticalLayout>
    </HorizontalLayout>
    <PlaceHolder height="25"/>
    <Button name="connect_wizard.lock_btn" text="解锁" textcolor="#888888" font="16" height="42" width="180" imagelist="main/common_btn.png" imagelistuistatus="disable" align="center,venter" enable="false"/>
    <PlaceHolder/>
  </VerticalLayout>
</windowless>
