﻿<?xml version="1.0" encoding="utf-8"?>
<windowless>

  <VerticalLayout name="unlock_prepare.view" left="0" right="0" top="0" bottom="0" >
    <PlaceHolder height="100"/>
    <HorizontalLayout left="142" width="585" height="332">
      <Control name="unlock_prepare.connected_bg" width="148" backgroundimage="main/usb_connected.png"  backgroundtransparent="true"/>
      <PlaceHolder width="66"/>
      <VerticalLayout width="470">
        <Label name="unlock_prepare.connected_title" text="已连接手机" height="40" font="22" textcolor="#000000" backgroundtransparent="true" align="near,venter"/>
        <Label name="unlock_prepare.device_name" text="小米手机" height="22" font="12" textcolor="#888888" backgroundtransparent="true" align="near,venter"/>
        <PlaceHolder height="42"/>
        <Control height="1" backgroundimage="main/seperate_line.png"  backgroundtransparent="true"/>
        <PlaceHolder height="35"/>
        <Label text="解锁须知" height="40" font="22" textcolor="#000000" backgroundtransparent="true" align="near,venter"/>
        <PlaceHolder height="8"/>
        <Label text="1.解锁过程中将有可能导致您的数据丢失，请注意做好数据" height="20" font="12" textcolor="#888888" backgroundtransparent="true" align="near,venter"/>
        <Label text="备份" height="20" font="12" textcolor="#888888" backgroundtransparent="true" align="near,venter"/>

        <PlaceHolder height="8"/>
        <Label text="2.解锁后系统将失去安全保护，您的隐私有可能被泄露，查" height="20" font="12" textcolor="#888888" backgroundtransparent="true" align="near,venter"/>
        <Label text="找手机功能将变得不可靠" height="20" font="12" textcolor="#888888" backgroundtransparent="true" align="near,venter"/>

        <PlaceHolder />
      </VerticalLayout>
    </HorizontalLayout>
    <PlaceHolder height="25"/>
    <Button name="unlock_prepare.unlock_btn" text="解锁" font="16" height="42" width="180" imagelist="main/common_btn.png" imagelistuistatus="disable" align="center,venter"/>
    <PlaceHolder/>
  </VerticalLayout>
</windowless>
